{
   "domain": "javaAppServer",
   "middleware": "was",
   "host": "demo-data-vm1.fyre.ibm.com",
   "assessmentUnitName": "JaxRpcService.ear",
   "applicationName": "JaxRpcService.ear",
   "checksum": "5d0785d815ba3036cf6ea5e8592fc581ead7807cb4475b4f3e7c018d103c9fff",
   "dcVersion": "",
   "binaryScannerVersion": "24.0.0.1",
   "collectionUnitType": "profile",
   "collectionUnitName": "AppSrv01",
   "isVirtual": "false",
   "serverXml": {
      "server": {
         "applicationManager": {
            "autoExpand": "true"
         },
         "description": "Configuration generated by binaryAppScanner",
         "featureManager": {
            "feature": [
               "appSecurity-2.0",
               "jsp-2.3",
               "servlet-3.1"
            ]
         },
         "httpEndpoint": {
            "host": "${httpEndpoint_host_4}",
            "httpPort": "${httpEndpoint_port_4}",
            "httpsPort": "${httpEndpoint_secure_port_4}",
            "id": "defaultHttpEndpoint"
         },
         "keyStore": [
            {
               "id": "NodeDefaultKeyStore_demo-data-vm1Node01Cell_KeyStore_demo-data-vm1Node01_1",
               "location": "${NodeDefaultKeyStore_demo_data_vm1Node01Cell_KeyStore_demo_data_vm1Node01_1_location}",
               "password": "${NodeDefaultKeyStore_demo_data_vm1Node01Cell_KeyStore_demo_data_vm1Node01_1_password}"
            },
            {
               "id": "NodeDefaultTrustStore_demo-data-vm1Node01Cell_KeyStore_demo-data-vm1Node01_2",
               "location": "${NodeDefaultTrustStore_demo_data_vm1Node01Cell_KeyStore_demo_data_vm1Node01_2_location}",
               "password": "${NodeDefaultTrustStore_demo_data_vm1Node01Cell_KeyStore_demo_data_vm1Node01_2_password}"
            }
         ],
         "ssl": {
            "id": "NodeDefaultSSLSettings_demo-data-vm1Node01Cell_SSLConfig_demo-data-vm1Node01_1",
            "keyStoreRef": "NodeDefaultKeyStore_demo-data-vm1Node01Cell_KeyStore_demo-data-vm1Node01_1",
            "sslProtocol": "${NodeDefaultSSLSettings_demo_data_vm1Node01Cell_SSLConfig_demo_data_vm1Node01_1_sslProtocol}",
            "trustStoreRef": "NodeDefaultTrustStore_demo-data-vm1Node01Cell_KeyStore_demo-data-vm1Node01_2"
         },
         "sslDefault": {
            "sslRef": "NodeDefaultSSLSettings_demo-data-vm1Node01Cell_SSLConfig_demo-data-vm1Node01_1"
         },
         "transaction": {
            "propogatedOrBMTTranLifetimeTimeout": "300"
         },
         "variable": [
            {
               "defaultValue": "*",
               "name": "httpEndpoint_host_4"
            },
            {
               "defaultValue": "9080",
               "name": "httpEndpoint_port_4"
            },
            {
               "defaultValue": "9443",
               "name": "httpEndpoint_secure_port_4"
            },
            {
               "defaultValue": "JaxRpcService_ear_demo-data-vm1Node01_NodeDefaultKeyStore_key.p12",
               "name": "NodeDefaultKeyStore_demo_data_vm1Node01Cell_KeyStore_demo_data_vm1Node01_1_location"
            },
            {
               "defaultValue": "TLS",
               "name": "NodeDefaultSSLSettings_demo_data_vm1Node01Cell_SSLConfig_demo_data_vm1Node01_1_sslProtocol"
            },
            {
               "defaultValue": "JaxRpcService_ear_demo-data-vm1Node01_NodeDefaultTrustStore_trust.p12",
               "name": "NodeDefaultTrustStore_demo_data_vm1Node01Cell_KeyStore_demo_data_vm1Node01_2_location"
            },
            {
               "defaultValue": "",
               "name": "NodeDefaultKeyStore_demo_data_vm1Node01Cell_KeyStore_demo_data_vm1Node01_1_password"
            },
            {
               "defaultValue": "",
               "name": "NodeDefaultTrustStore_demo_data_vm1Node01Cell_KeyStore_demo_data_vm1Node01_2_password"
            }
         ],
         "webApplication": {
            "contextRoot": "/JaxRpcService",
            "id": "JaxRpcService.ear",
            "location": "jax-rpc-test-1.0.0.war"
         }
      }
   }
}