{
   "domain": "javaAppServer",
   "middleware": "was",
   "host": "demo-data-vm1.fyre.ibm.com",
   "assessmentUnitName": "ModResorts.ear",
   "applicationName": "ModResorts.ear",
   "checksum": "b6181b6f62ebc3f095c599d557961b1d0e00602c056b0045585636320a4963e5",
   "dcVersion": "",
   "binaryScannerVersion": "24.0.0.1",
   "collectionUnitType": "profile",
   "collectionUnitName": "AppSrv01",
   "isVirtual": "false",
   "serverXml": {
      "server": {
         "applicationManager": {
            "autoExpand": "true"
         },
         "description": "Configuration generated by binaryAppScanner",
         "featureManager": {
            "feature": [
               "appSecurity-2.0",
               "cdi-1.2",
               "ejbLite-3.2",
               "jdbc-4.1",
               "jndi-1.0",
               "jsp-2.3",
               "localConnector-1.0",
               "servlet-3.1"
            ]
         },
         "httpEndpoint": {
            "host": "${httpEndpoint_host_5}",
            "httpPort": "${httpEndpoint_port_5}",
            "httpsPort": "${httpEndpoint_secure_port_5}",
            "id": "defaultHttpEndpoint"
         },
         "keyStore": [
            {
               "id": "NodeDefaultKeyStore_demo-data-vm1Node01Cell_KeyStore_demo-data-vm1Node01_1",
               "location": "${NodeDefaultKeyStore_demo_data_vm1Node01Cell_KeyStore_demo_data_vm1Node01_1_location}",
               "password": "${NodeDefaultKeyStore_demo_data_vm1Node01Cell_KeyStore_demo_data_vm1Node01_1_password}"
            },
            {
               "id": "NodeDefaultTrustStore_demo-data-vm1Node01Cell_KeyStore_demo-data-vm1Node01_2",
               "location": "${NodeDefaultTrustStore_demo_data_vm1Node01Cell_KeyStore_demo_data_vm1Node01_2_location}",
               "password": "${NodeDefaultTrustStore_demo_data_vm1Node01Cell_KeyStore_demo_data_vm1Node01_2_password}"
            }
         ],
         "ssl": {
            "id": "NodeDefaultSSLSettings_demo-data-vm1Node01Cell_SSLConfig_demo-data-vm1Node01_1",
            "keyStoreRef": "NodeDefaultKeyStore_demo-data-vm1Node01Cell_KeyStore_demo-data-vm1Node01_1",
            "sslProtocol": "${NodeDefaultSSLSettings_demo_data_vm1Node01Cell_SSLConfig_demo_data_vm1Node01_1_sslProtocol}",
            "trustStoreRef": "NodeDefaultTrustStore_demo-data-vm1Node01Cell_KeyStore_demo-data-vm1Node01_2"
         },
         "sslDefault": {
            "sslRef": "NodeDefaultSSLSettings_demo-data-vm1Node01Cell_SSLConfig_demo-data-vm1Node01_1"
         },
         "transaction": {
            "propogatedOrBMTTranLifetimeTimeout": "300"
         },
         "variable": [
            {
               "defaultValue": "*",
               "name": "httpEndpoint_host_5"
            },
            {
               "defaultValue": "9080",
               "name": "httpEndpoint_port_5"
            },
            {
               "defaultValue": "9443",
               "name": "httpEndpoint_secure_port_5"
            },
            {
               "defaultValue": "ModResorts_ear_demo-data-vm1Node01_NodeDefaultKeyStore_key.p12",
               "name": "NodeDefaultKeyStore_demo_data_vm1Node01Cell_KeyStore_demo_data_vm1Node01_1_location"
            },
            {
               "defaultValue": "TLS",
               "name": "NodeDefaultSSLSettings_demo_data_vm1Node01Cell_SSLConfig_demo_data_vm1Node01_1_sslProtocol"
            },
            {
               "defaultValue": "ModResorts_ear_demo-data-vm1Node01_NodeDefaultTrustStore_trust.p12",
               "name": "NodeDefaultTrustStore_demo_data_vm1Node01Cell_KeyStore_demo_data_vm1Node01_2_location"
            },
            {
               "defaultValue": "",
               "name": "NodeDefaultKeyStore_demo_data_vm1Node01Cell_KeyStore_demo_data_vm1Node01_1_password"
            },
            {
               "defaultValue": "",
               "name": "NodeDefaultTrustStore_demo_data_vm1Node01Cell_KeyStore_demo_data_vm1Node01_2_password"
            }
         ],
         "webApplication": {
            "contextRoot": "/resorts",
            "id": "ModResorts.ear",
            "location": "modresorts-2.0.0.war"
         }
      }
   }
}